game_pk,year,date,matchup,R,HR,K,H,temp,dew,wind,dir,wind_bucket,cf_bearing
51868,2011,06/18/2011,Vanderbilt 7 - North Carolina 3,10,,,,74,66,10.4,320,out,135
51872,2011,06/18/2011,Texas 4 - Florida 8,12,,,,79,68,6.9,360,out,135
51876,2011,06/19/2011,California 1 - Virginia 4,5,,,,82,69,5.8,150,in,135
51880,2011,06/19/2011,Texas A&M 4 - South Carolina 5,9,,,,88,66,11.5,120,in,135
51894,2011,06/20/2011,North Carolina 3 - Texas 0,3,,,,82,69,20.7,140,in,135
51899,2011,06/20/2011,Florida 3 - Vanderbilt 1,4,,,,84,72,17.3,100,in,135
51904,2011,06/21/2011,California 7 - Texas A&M 3,10,,,,69,61,21.9,220,cross,135
51908,2011,06/21/2011,South Carolina 7 - Virginia 1,8,,,,68,63,20.7,280,out,135
51914,2011,06/22/2011,North Carolina 1 - Vanderbilt 5,6,,,,68,57,20.7,300,out,135
51919,2011,06/24/2011,Vanderbilt 4 - Florida 6,10,,,,76,58,5.8,0,out,135
51924,2011,06/23/2011,Virginia 8 - California 1,9,,,,75,58,8.1,350,out,135
51929,2011,06/24/2011,Virginia 2 - South Carolina 3,5,,,,78,57,12.7,120,in,135
51955,2011,06/27/2011,South Carolina 2 - Florida 1,3,,,,77,58,11.5,330,out,135
51959,2011,06/28/2011,Florida 2 - South Carolina 5,7,,,,79,57,13.8,160,in,135
220637,2012,06/15/2012,Stony Brook 1 - UCLA 9,10,,,,69,64,13.8,340,out,135
220638,2012,06/15/2012,Arizona 4 - Florida St. 3,7,,,,72,62,4.6,280,out,135
220639,2012,06/17/2012,UCLA 0 - Arizona 4,4,,,,89,67,18.4,170,in,135
220640,2012,06/17/2012,Florida St. 12 - Stony Brook 2,14,,,,89,72,21.9,170,in,135
220641,2012,06/19/2012,UCLA 1 - Florida St. 4,5,,,,89,67,25.3,180,in,135
220642,2012,06/21/2012,Florida St. 3 - Arizona 10,13,,,,80,54,9.2,10,cross,135
220644,2012,06/16/2012,Kent St. 1 - Arkansas 8,9,,,,77,67,6.9,350,out,135
220645,2012,06/16/2012,South Carolina 7 - Florida 3,10,,,,79,66,3.5,330,out,135
220646,2012,06/18/2012,Arkansas 2 - South Carolina 1,3,,,,92,70,12.7,180,in,135
220647,2012,06/18/2012,Florida 4 - Kent St. 5,9,,,,95,69,15,190,cross,135
220648,2012,06/21/2012,Kent St. 1 - South Carolina 4,5,,,,73,58,4.6,300,out,135
220649,2012,06/21/2012,South Carolina 2 - Arkansas 0,2,,,,75,57,3.5,90,in,135
220650,2012,06/22/2012,Arkansas 2 - South Carolina 3,5,,,,80,57,12.7,130,in,135
220651,2012,06/24/2012,South Carolina 1 - Arizona 5,6,,,,89,75,9.2,50,cross,135
220652,2012,06/25/2012,Arizona 4 - South Carolina 1,5,,,,83,67,12.7,110,in,135
306563,2013,06/15/2013,Mississippi St. 5 - Oregon St. 4,9,,,,78,69,4.6,210,cross,135
306564,2013,06/15/2013,Indiana 2 - Louisville 0,2,,,,81,64,9.2,210,cross,135
306565,2013,06/17/2013,Mississippi St. 5 - Indiana 4,9,,,,86,56,13.8,20,cross,135
306566,2013,06/17/2013,Louisville 4 - Oregon St. 11,15,,,,86,59,8.1,310,out,135
306567,2013,06/19/2013,Oregon St. 1 - Indiana 0,1,,,,84,62,19.6,150,in,135
306568,2013,06/21/2013,Oregon St. 1 - Mississippi St. 4,5,,,,88,72,18.4,130,in,135
306570,2013,06/16/2013,NC State 8 - North Carolina 1,9,,,,83,59,3.5,80,cross,135
306571,2013,06/16/2013,UCLA 2 - LSU 1,3,,,,85,53,6.9,20,cross,135
306572,2013,06/18/2013,UCLA 2 - NC State 1,3,,,,82,53,0,0,out,135
306573,2013,06/18/2013,North Carolina 4 - LSU 2,6,,,,74,64,0,0,out,135
306574,2013,06/20/2013,North Carolina 7 - NC State 0,7,,,,88,72,19.6,160,in,135
306575,2013,06/21/2013,North Carolina 1 - UCLA 4,5,,,,93,72,18.4,180,in,135
306577,2013,06/24/2013,UCLA 3 - Mississippi St. 1,4,,,,82,71,13.8,140,in,135
306578,2013,06/25/2013,Mississippi St. 0 - UCLA 8,8,,,,87,73,12.7,170,in,135
484548,2014,06/14/2014,UC Irvine 3 - Texas 1,4,,,,83,65,29.9,160,in,135
484549,2014,06/14/2014,Louisville 3 - Vanderbilt 5,8,,,,82,67,24.2,150,in,135
484550,2014,06/16/2014,Vanderbilt 6 - UC Irvine 4,10,,,,86,70,23,190,cross,135
484551,2014,06/16/2014,Texas 4 - Louisville 1,5,,,,85,73,28.8,130,in,135
484552,2014,06/18/2014,Texas 1 - UC Irvine 0,1,,,,91,72,17.3,180,in,135
484553,2014,06/20/2014,Vanderbilt 0 - Texas 4,4,,,,90,58,17.3,170,in,135
484554,2014,06/21/2014,Texas 3 - Vanderbilt 4,7,,,,85,68,10.4,170,in,135
484555,2014,06/15/2014,Texas Tech 2 - TCU 3,5,,,,78,55,16.1,280,out,135
484556,2014,06/15/2014,Ole Miss 1 - Virginia 2,3,,,,80,53,8.1,240,cross,135
484557,2014,06/17/2014,TCU 2 - Virginia 3,5,,,,90,72,18.4,180,in,135
484558,2014,06/17/2014,Texas Tech 1 - Ole Miss 2,3,,,,88,70,23,170,in,135
484559,2014,06/19/2014,Ole Miss 6 - TCU 4,10,,,,86,62,6.9,260,cross,135
484560,2014,06/21/2014,Virginia 4 - Ole Miss 1,5,,,,81,64,6.9,130,in,135
484562,2014,06/23/2014,Vanderbilt 9 - Virginia 8,17,,,,79,59,9.2,330,out,135
484563,2014,06/24/2014,Virginia 7 - Vanderbilt 2,9,,,,81,52,3.5,260,cross,135
484564,2014,06/25/2014,Vanderbilt 3 - Virginia 2,5,,,,78,63,13.8,90,in,135
844197,2015,06/13/2015,Virginia 5 - Arkansas 3,8,,,,75,63,11.5,150,in,135
844198,2015,06/13/2015,Miami (FL) 3 - Florida 15,18,,,,77,65,8.1,140,in,135
844199,2015,06/15/2015,Florida 0 - Virginia 1,1,,,,69,60,6.9,10,cross,135
844200,2015,06/15/2015,Arkansas 3 - Miami (FL) 4,7,,,,76,65,16.1,360,out,135
844201,2015,06/17/2015,Florida 10 - Miami (FL) 2,12,,,,83,65,11.5,350,out,135
844202,2015,06/19/2015,Virginia 5 - Florida 10,15,,,,81,59,9.2,140,in,135
844203,2015,06/20/2015,Florida 4 - Virginia 5,9,,,,87,69,10.4,20,cross,135
844204,2015,06/14/2015,TCU 10 - LSU 3,13,,,,82,70,6.9,150,in,135
844205,2015,06/15/2015,Cal St. Fullerton 3 - Vanderbilt 4,7,,,,71,63,15,10,cross,135
844206,2015,06/16/2015,Vanderbilt 1 - TCU 0,1,,,,80,56,10.4,120,in,135
844207,2015,06/16/2015,LSU 5 - Cal St. Fullerton 3,8,,,,78,56,15.7,160,in,135
844208,2015,06/18/2015,LSU 4 - TCU 8,12,,,,74,62,9.2,360,out,135
844209,2015,06/19/2015,TCU 1 - Vanderbilt 7,8,,,,83,61,15,150,in,135
844211,2015,06/22/2015,Virginia 1 - Vanderbilt 5,6,,,,84,63,24.2,340,out,135
844212,2015,06/23/2015,Vanderbilt 0 - Virginia 3,3,,,,77,56,10.4,180,in,135
844213,2015,06/24/2015,Virginia 4 - Vanderbilt 2,6,,,,85,77,11.5,350,out,135
2146248,2016,06/21/2016,Texas Tech 3 - Florida 2,5,,,,88,73,11.5,160,in,135
2146269,2016,06/24/2016,Coastal Carolina 4 - TCU 1,5,,,,91,73,20.7,150,in,135
2146272,2016,06/23/2016,Coastal Carolina 7 - Texas Tech 5,12,,,,81,60,5.8,360,out,135
2146280,2016,06/20/2016,Miami (FL) 3 - UC Santa Barbara 5,8,,,,81,55,8.1,30,cross,135
2146286,2016,06/24/2016,Arizona 9 - Oklahoma St. 3,12,,,,88,69,19.6,150,in,135
2146299,2016,06/21/2016,TCU 6 - Coastal Carolina 1,7,,,,88,76,17.3,140,in,135
2146300,2016,06/27/2016,Arizona 3 - Coastal Carolina 0,3,,,,86,60,3.5,90,in,135
2146306,2016,06/20/2016,Oklahoma St. 1 - Arizona 0,1,,,,67,62,5.8,340,out,135
2146317,2016,06/25/2016,Oklahoma St. 1 - Arizona 5,6,,,,86,71,13.8,180,in,135
2146318,2016,06/25/2016,TCU 5 - Coastal Carolina 7,12,,,,90,68,8.1,220,cross,135
2146324,2016,06/18/2016,Arizona 5 - Miami (FL) 1,6,,,,89,64,12.7,150,in,135
2146337,2016,06/19/2016,Coastal Carolina 2 - Florida 1,3,,,,93,68,16.1,180,in,135
2146341,2016,06/19/2016,TCU 5 - Texas Tech 3,8,,,,92,69,17.3,180,in,135
2146347,2016,06/30/2016,Coastal Carolina 4 - Arizona 3,7,,,,82,67,6.9,350,out,135
2146352,2016,06/18/2016,UC Santa Barbara 0 - Oklahoma St. 1,1,,,,88,64,9.2,120,in,135
2146354,2016,06/22/2016,UC Santa Barbara 0 - Arizona 3,3,,,,94,72,12.7,10,cross,135
2146367,2016,06/28/2016,Coastal Carolina 5 - Arizona 4,9,,,,83,60,8.1,60,cross,135
2509649,2017,06/17/2017,Cal St. Fullerton 5 - Oregon St. 6,11,,,,83,60,12.7,20,cross,135
2509650,2017,06/22/2017,Louisville 3 - TCU 4,7,,,,89,68,8.1,300,out,135
2509655,2017,06/23/2017,TCU 9 - Florida 2,11,,,,74,50,13.8,310,out,135
2509668,2017,06/19/2017,Florida St. 6 - Cal St. Fullerton 4,10,,,,83,49,12.7,310,out,135
2509672,2017,06/21/2017,LSU 7 - Florida St. 4,11,,,,96,64,19.6,190,cross,135
2509674,2017,06/20/2017,Texas A&M 1 - TCU 4,5,,,,92,51,15,310,out,135
2509679,2017,06/23/2017,LSU 3 - Oregon St. 1,4,,,,72,52,21.9,320,out,135
2509700,2017,06/18/2017,TCU 0 - Florida 3,3,,,,81,47,15,310,out,135
2509709,2017,06/20/2017,Florida 5 - Louisville 1,6,,,,92,54,6.9,360,out,135
2509714,2017,06/19/2017,Oregon St. 13 - LSU 1,14,,,,86,47,11.5,310,out,135
2509739,2017,06/24/2017,Oregon St. 1 - LSU 6,7,,,,80,38,19.6,300,out,135
2509765,2017,06/18/2017,Texas A&M 4 - Louisville 8,12,,,,77,53,20.7,320,out,135
2509780,2017,06/17/2017,Florida St. 4 - LSU 5,9,,,,71,63,4.6,340,out,135
2509781,2017,06/26/2017,Florida 4 - LSU 3,7,,,,76,50,10.4,10,cross,135
2529782,2017,06/27/2017,LSU 1 - Florida 6,7,,,,63,50,3.5,300,out,135
2928594,2018,06/17/2018,Texas Tech 6 - Florida 3,9,,,,84,73,11.5,150,in,135
2928602,2018,06/21/2018,Florida 9 - Texas Tech 6,15,,,,72,64,15,340,out,135
2928607,2018,06/16/2018,North Carolina 8 - Oregon St. 6,14,,,,94,69,20.7,170,in,135
2928619,2018,06/16/2018,Washington 0 - Mississippi St. 1,1,,,,92,69,20.7,160,in,135
2928635,2018,06/17/2018,Texas 5 - Arkansas 11,16,,,,88,69,13.8,180,in,135
2928641,2018,06/28/2018,Arkansas 0 - Oregon St. 5,5,,,,91,75,17.3,170,in,135
2928649,2018,06/18/2018,Oregon St. 14 - Washington 5,19,,,,91,71,11.5,180,in,135
2928661,2018,06/22/2018,Arkansas 5 - Florida 2,7,,,,74,60,4.6,80,cross,135
2928662,2018,06/19/2018,Mississippi St. 12 - North Carolina 2,14,,,,74,71,11.5,180,in,135
2928697,2018,06/20/2018,Oregon St. 11 - North Carolina 6,17,,,,73,62,16.1,310,out,135
2928699,2018,06/27/2018,Oregon St. 5 - Arkansas 3,8,,,,88,68,0,0,out,135
2928705,2018,06/20/2018,Arkansas 7 - Texas Tech 4,11,,,,75,65,11.5,280,out,135
2928707,2018,06/19/2018,Florida 6 - Texas 1,7,,,,82,70,8.1,180,in,135
2928719,2018,06/22/2018,Mississippi St. 2 - Oregon St. 12,14,,,,72,60,6.9,10,cross,135
2928722,2018,06/26/2018,Arkansas 4 - Oregon St. 1,5,,,,81,66,9.2,340,out,135
2928723,2018,06/23/2018,Oregon St. 5 - Mississippi St. 2,7,,,,78,66,9.2,110,in,135
3518260,2019,06/26/2019,Michigan 2 - Vanderbilt 8,10,,,,86,67,9.2,80,cross,135
3518268,2019,06/25/2019,Vanderbilt 4 - Michigan 1,5,,,,83,59,5.8,50,cross,135
3518276,2019,06/17/2019,Michigan 2 - Florida St. 0,2,,,,79,65,3.5,50,cross,135
3518289,2019,06/21/2019,Texas Tech 3 - Michigan 15,18,,,,72,64,5.8,100,in,135
3518294,2019,06/24/2019,Michigan 7 - Vanderbilt 4,11,,,,83,53,9.2,270,out,135
3518318,2019,06/17/2019,Arkansas 4 - Texas Tech 5,9,,,,81,61,9.2,240,cross,135
3518327,2019,06/16/2019,Auburn 4 - Mississippi St. 5,9,,,,85,55,3.5,30,cross,135
3518332,2019,06/21/2019,Vanderbilt 3 - Louisville 2,5,,,,80,66,6.9,100,in,135
3518349,2019,06/16/2019,Louisville 1 - Vanderbilt 3,4,,,,81,61,8.1,320,out,135
3518352,2019,06/15/2019,Michigan 5 - Texas Tech 3,8,,,,79,67,11.5,290,out,135
3518371,2019,06/19/2019,Vanderbilt 6 - Mississippi St. 3,9,,,,78,60,5.8,340,out,135
3518380,2019,06/20/2019,Mississippi St. 3 - Louisville 4,7,,,,83,65,12.7,150,in,135
3518381,2019,06/15/2019,Florida St. 1 - Arkansas 0,1,,,,85,62,6.9,320,out,135
3518391,2019,06/19/2019,Texas Tech 4 - Florida St. 1,5,,,,76,58,8.1,330,out,135
3786168,2019,06/18/2019,Louisville 5 - Auburn 3,8,,,,72,62,3.5,30,cross,135
5843333,2021,06/19/2021,NC State 10 - Stanford 4,14,,,,87,51,5.8,70,cross,135
5843334,2021,06/19/2021,Arizona 6 - Vanderbilt 7,13,,,,92,56,4.6,30,cross,135
5843335,2021,06/21/2021,Vanderbilt 0 - NC State 1,1,,,,76,46,12.7,340,out,135
5843336,2021,06/21/2021,Stanford 14 - Arizona 5,19,,,,75,50,17.3,10,cross,135
5843337,2021,06/23/2021,Stanford 5 - Vanderbilt 6,11,,,,92,69,18.4,170,in,135
5843338,2021,06/25/2021,Vanderbilt 3 - NC State 1,4,,,,83,69,5.8,170,in,135
5843340,2021,06/20/2021,Mississippi St. 2 - Texas 1,3,,,,83,62,27.6,330,out,135
5843341,2021,06/20/2021,Virginia 6 - Tennessee 0,6,,,,87,67,11.5,200,cross,135
5843342,2021,06/22/2021,Mississippi St. 6 - Virginia 5,11,,,,90,48,17.3,210,cross,135
5843343,2021,06/22/2021,Tennessee 4 - Texas 8,12,,,,84,54,12.7,230,cross,135
5843344,2021,06/24/2021,Texas 6 - Virginia 2,8,,,,75,70,5.8,130,in,135
5843345,2021,06/25/2021,Texas 8 - Mississippi St. 5,13,,,,86,69,8.1,90,in,135
5843346,2021,06/26/2021,Texas 3 - Mississippi St. 4,7,,,,69,64,11.5,350,out,135
5843347,2021,06/28/2021,Mississippi St. 2 - Vanderbilt 8,10,,,,79,67,9.2,180,in,135
5843348,2021,06/29/2021,Vanderbilt 2 - Mississippi St. 13,15,,,,76,70,6.9,140,in,135
5843349,2021,06/30/2021,Mississippi St. 9 - Vanderbilt 0,9,,,,85,60,6.9,10,cross,135
5985382,2022,06/17/2022,Notre Dame 7 - Texas 3,10,,,,91,65,9.2,120,in,135
5985383,2022,06/17/2022,Oklahoma 13 - Texas A&M 8,21,,,,87,62,10.4,100,in,135
5985384,2022,06/19/2022,Notre Dame 2 - Oklahoma 6,8,,,,92,70,23,170,in,135
5985385,2022,06/19/2022,Texas 2 - Texas A&M 10,12,,,,88,74,18.4,170,in,135
5985386,2022,06/21/2022,Texas A&M 5 - Notre Dame 1,6,,,,87,68,10.4,360,out,135
5985387,2022,06/22/2022,Texas A&M 1 - Oklahoma 5,6,,,,85,55,6.9,360,out,135
5985389,2022,06/18/2022,Arkansas 17 - Stanford 2,19,,,,90,72,13.8,170,in,135
5985390,2022,06/18/2022,Ole Miss 5 - Auburn 1,6,,,,92,74,16.1,170,in,135
5985391,2022,06/20/2022,Ole Miss 13 - Arkansas 5,18,,,,94,72,25.3,150,in,135
5985392,2022,06/20/2022,Auburn 6 - Stanford 2,8,,,,92,72,18.4,180,in,135
5985393,2022,06/21/2022,Arkansas 11 - Auburn 1,12,,,,85,54,13.8,340,out,135
5985394,2022,06/22/2022,Arkansas 3 - Ole Miss 2,5,,,,88,56,5.8,80,cross,135
5985395,2022,06/23/2022,Ole Miss 2 - Arkansas 0,2,,,,78,67,17.3,160,in,135
5985396,2022,06/25/2022,Ole Miss 10 - Oklahoma 3,13,,,,84,60,20.7,350,out,135
5985397,2022,06/26/2022,Oklahoma 2 - Ole Miss 4,6,,,,78,48,12.7,340,out,135
6147526,2023,06/16/2023,Oral Roberts 6 - TCU 5,11,3,10,19,86,62,6.9,130,in,135
6147527,2023,06/16/2023,Virginia 5 - Florida 6,11,3,11,17,87,58,9.2,190,cross,135
6147528,2023,06/18/2023,Florida 5 - Oral Roberts 4,9,4,27,16,87,56,4.6,340,out,135
6147529,2023,06/18/2023,TCU 4 - Virginia 3,7,1,14,17,81,57,8.1,150,in,135
6147530,2023,06/20/2023,TCU 6 - Oral Roberts 1,7,0,20,18,89,63,17.3,130,in,135
6147531,2023,06/21/2023,Florida 3 - TCU 2,5,1,16,16,86,62,4.6,170,in,135
6147533,2023,06/17/2023,Stanford 2 - Wake Forest 3,5,1,18,15,79,65,4.6,130,in,135
6147534,2023,06/17/2023,Tennessee 3 - LSU 6,9,3,22,17,79,63,16.1,280,out,135
6147535,2023,06/19/2023,LSU 2 - Wake Forest 3,5,0,28,10,93,60,16.1,170,in,135
6147536,2023,06/19/2023,Tennessee 6 - Stanford 4,10,0,21,19,89,65,10.4,160,in,135
6147537,2023,06/20/2023,LSU 5 - Tennessee 0,5,1,20,14,91,58,18.4,140,in,135
6147538,2023,06/21/2023,Wake Forest 2 - LSU 5,7,1,19,13,90,58,13.8,110,in,135
6147539,2023,06/22/2023,Wake Forest 0 - LSU 2,2,1,21,8,88,56,8.1,150,in,135
6147540,2023,06/24/2023,LSU 4 - Florida 3,7,4,36,17,92,63,19.6,300,out,135
6147541,2023,06/25/2023,Florida 24 - LSU 4,28,7,18,30,80,57,21.9,310,out,135
6147542,2023,06/26/2023,LSU 18 - Florida 4,22,5,17,29,83,58,16.1,340,out,135
6289288,2024,06/14/2024,Virginia 2 - North Carolina 3,5,0,13,14,86,51,9.2,120,in,135
6289289,2024,06/14/2024,Florida St. 11 - Tennessee 12,23,3,20,31,89,50,8.1,100,in,135
6289290,2024,06/16/2024,North Carolina 1 - Tennessee 6,7,3,20,12,89,73,11.5,190,cross,135
6289291,2024,06/16/2024,Virginia 3 - Florida St. 7,10,3,13,17,87,70,20.7,200,cross,135
6289292,2024,06/18/2024,Florida St. 9 - North Carolina 5,14,3,10,24,84,72,25.3,190,cross,135
6289293,2024,06/19/2024,Tennessee 7 - Florida St. 2,9,3,14,17,74,59,12.7,20,cross,135
6289295,2024,06/15/2024,NC State 4 - Kentucky 5,9,4,14,19,77,65,25.3,160,in,135
6289296,2024,06/15/2024,Florida 2 - Texas A&M 3,5,0,26,14,68,65,15,170,in,135
6289297,2024,06/17/2024,Texas A&M 5 - Kentucky 1,6,1,13,15,88,73,24.2,170,in,135
6289298,2024,06/17/2024,Florida 5 - NC State 4,9,3,23,10,84,71,25.3,150,in,135
6289299,2024,06/19/2024,Kentucky 4 - Florida 15,19,4,31,19,66,61,9.2,360,out,135
6289300,2024,06/19/2024,Texas A&M 6 - Florida 0,6,1,26,10,73,58,9.2,50,cross,135
6289302,2024,06/22/2024,Texas A&M 9 - Tennessee 5,14,4,28,25,81,71,8.1,310,out,135
6289303,2024,06/23/2024,Tennessee 4 - Texas A&M 1,5,3,24,14,84,65,6.9,180,in,135
6289304,2024,06/24/2024,Texas A&M 5 - Tennessee 6,11,2,20,26,99,74,18.4,190,cross,135
6448802,2025,06/13/2025,Arizona 4 - Coastal Carolina 7,11,,,,82,64,3.5,240,cross,135
6448803,2025,06/13/2025,Louisville 3 - Oregon St. 4,7,0,26,20,87,62,0,0,out,135
6448804,2025,06/15/2025,Coastal Carolina 6 - Oregon St. 2,8,2,22,12,90,64,6.9,150,in,135
6448805,2025,06/15/2025,Arizona 3 - Louisville 8,11,1,14,24,87,66,11.5,190,cross,135
6448806,2025,06/17/2025,Oregon St. 6 - Louisville 7,13,4,17,19,84,60,12.7,150,in,135
6448807,2025,06/18/2025,Louisville 3 - Coastal Carolina 11,14,0,14,21,74,64,10.4,320,out,135
6448809,2025,06/14/2025,Murray St. 4 - UCLA 6,10,0,12,18,86,66,10.4,190,cross,135
6448810,2025,06/14/2025,LSU 4 - Arkansas 1,5,1,26,10,89,64,12.7,180,in,135
6448812,2025,06/16/2025,Arkansas 3 - Murray St. 0,3,0,30,10,88,67,12.7,180,in,135
6448813,2025,06/17/2025,UCLA 3 - Arkansas 7,10,1,14,16,79,63,4.6,190,cross,135
6448814,2025,06/18/2025,Arkansas 5 - LSU 6,11,2,25,19,79,60,11.5,340,out,135
6448816,2025,06/21/2025,Coastal Carolina 0 - LSU 1,1,0,21,9,99,66,26.5,190,cross,135
6448817,2025,06/22/2025,LSU 5 - Coastal Carolina 3,8,2,22,18,94,70,23,180,in,135
6455125,2025,06/16/2025,UCLA 5 - LSU 9,14,1,13,42,70,65,13.8,160,in,135
6599765,2026,06/12/2026,Troy 5 - West Virginia 7,12,2,15,18,81,49,5.8,350,out,135
